Workbook

Sheet TABLERO
A1: Campaña (Invierno/Verano) | B1: Verano | D1: Mes Inv | E1: Idx Inv | F1: Mes Ver | G1: Idx Ver
A2: Mes (texto: Jul, Ago, Sep, Oct, Nov, Dic / Ene..Jun) | B2: Jun | D2: Jul | E2: 1 | F2: Ene | G2: 1
A3: TC (S/ por USD) | B3: 3.8 | D3: Ago | E3: 2 | F3: Feb | G3: 2
A4: Índice mes | B4: =IF(B1="Invierno", VLOOKUP(B2, $D$2:$E$7, 2, FALSE), VLOOKUP(B2, $F$2:$G$7, 2, FALSE)) -> 6 | D4: Sep | E4: 3 | F4: Mar | G4: 3
D5: Oct | E5: 4 | F5: Abr | G5: 4
D6: Nov | E6: 5 | F6: May | G6: 5
D7: Dic | E7: 6 | F7: Jun | G7: 6

Sheet PRESUPUESTO_BASE
A1: Presupuesto base por rubro y proceso (USD)
A3: Rubro | B3: Almácigo | C3: Campo definitivo | D3: Packing | E3: TOTAL | F3: Inv 50% | G3: Ver 50%
A4: Semilla | B4: 546013 | C4: 0 | D4: 0 | E4: =SUM(B4:D4) -> 546013 | F4: =E4/2 -> 273006.5 | G4: =E4/2 -> 273006.5
A5: Alquiler de campo | B5: 0 | C5: 752284 | D5: 0 | E5: =SUM(B5:D5) -> 752284 | F5: =E5/2 -> 376142 | G5: =E5/2 -> 376142
A6: Accesorios de riego | B6: 0 | C6: 218817 | D6: 0 | E6: =SUM(B6:D6) -> 218817 | F6: =E6/2 -> 109408.5 | G6: =E6/2 -> 109408.5
A7: Materia Orgánica | B7: 42675 | C7: 576761 | D7: 0 | E7: =SUM(B7:D7) -> 619436 | F7: =E7/2 -> 309718 | G7: =E7/2 -> 309718
A8: Agua | B8: 36268 | C8: 455058 | D8: 0 | E8: =SUM(B8:D8) -> 491326 | F8: =E8/2 -> 245663 | G8: =E8/2 -> 245663
A9: Alquiler de Maquinaria | B9: 13989 | C9: 314258 | D9: 0 | E9: =SUM(B9:D9) -> 328247 | F9: =E9/2 -> 164123.5 | G9: =E9/2 -> 164123.5
A10: Fertilizantes / Abono Organico | B10: 51804 | C10: 804021 | D10: 0 | E10: =SUM(B10:D10) -> 855825 | F10: =E10/2 -> 427912.5 | G10: =E10/2 -> 427912.5
A11: Agroquimicos / Foliares | B11: 29437 | C11: 853400 | D11: 0 | E11: =SUM(B11:D11) -> 882837 | F11: =E11/2 -> 441418.5 | G11: =E11/2 -> 441418.5
A12: Personal Eventual s/ contrato | B12: 61831 | C12: 913120 | D12: 321341 | E12: =SUM(B12:D12) -> 1296292 | F12: =E12/2 -> 648146 | G12: =E12/2 -> 648146
A13: Transport costs | B13: 0 | C13: 303906 | D13: 11366 | E13: =SUM(B13:D13) -> 315272 | F13: =E13/2 -> 157636 | G13: =E13/2 -> 157636
A14: Arpillas Campo | B14: 0 | C14: 59813 | D14: 107314 | E14: =SUM(B14:D14) -> 167127 | F14: =E14/2 -> 83563.5 | G14: =E14/2 -> 83563.5
A15: Servicio de terceros | B15: 0 | C15: 28800 | D15: 0 | E15: =SUM(B15:D15) -> 28800 | F15: =E15/2 -> 14400 | G15: =E15/2 -> 14400
... A23: VARIOS | B23: 0 | C23: 0 | D23: 0 | E23: =SUM(B23:D23) -> 0 | F23: =E23/2 -> 0 | G23: =E23/2 -> 0
A24: TOTAL | B24: =SUM(B4:B23) -> 782017 | C24: =SUM(C4:C23) -> 5280238 | D24: =SUM(D4:D23) -> 497724 | E24: =SUM(E4:E23) -> 6559979 | F24: =SUM(F4:F23) -> 3279989.5 | G24: =SUM(G4:G23) -> 3279989.5

Sheet PARAM_AVANCE_INVIERNO
A1: % avance mensual – PARAM_AVANCE_INVIERNO
A3: Rubro | B3: Proceso | C3: Jul | D3: Ago | E3: Sep | F3: Oct | G3: Nov | H3: Dic | I3: Clave
A4: Semilla | B4: Almácigo | C4: 1 | D4: 0 | E4: 0 | F4: 0 | G4: 0 | H4: 0 | I4: =A4&"|"&B4 -> Semilla|Almácigo
A5: Semilla | B5: Campo definitivo | C5: 0 | D5: 0 | E5: 0 | F5: 0 | G5: 0 | H5: 0 | I5: =A5&"|"&B5 -> Semilla|Campo definitivo
A6: Semilla | B6: Packing | C6: 0 | D6: 0 | E6: 0 | F6: 0 | G6: 0 | H6: 0 | I6: =A6&"|"&B6 -> Semilla|Packing
A7: Alquiler de campo | B7: Almácigo | C7: 0 | D7: 0 | E7: 0 | F7: 0 | G7: 0 | H7: 0 | I7: =A7&"|"&B7 -> Alquiler de campo|Almácigo
A8: Alquiler de campo | B8: Campo definitivo | C8: 0.16666667 | D8: 0.16666667 | E8: 0.16666667 | F8: 0.16666667 | G8: 0.16666667 | H8: 0.16666667 | I8: =A8&"|"&B8 -> Alquiler de campo|Campo definitivo
A9: Alquiler de campo | B9: Packing | C9: 0 | D9: 0 | E9: 0 | F9: 0 | G9: 0 | H9: 0 | I9: =A9&"|"&B9 -> Alquiler de campo|Packing
A10: Accesorios de riego | B10: Almácigo | C10: 0 | D10: 0 | E10: 0 | F10: 0 | G10: 0 | H10: 0 | I10: =A10&"|"&B10 -> Accesorios de riego|Almácigo
A11: Accesorios de riego | B11: Campo definitivo | C11: 0.16666667 | D11: 0.16666667 | E11: 0.16666667 | F11: 0.16666667 | G11: 0.16666667 | H11: 0.16666667 | I11: =A11&"|"&B11 -> Accesorios de riego|Campo definitivo
A12: Accesorios de riego | B12: Packing | C12: 0 | D12: 0 | E12: 0 | F12: 0 | G12: 0 | H12: 0 | I12: =A12&"|"&B12 -> Accesorios de riego|Packing
A13: Materia Orgánica | B13: Almácigo | C13: 0.16666667 | D13: 0.16666667 | E13: 0.16666667 | F13: 0.16666667 | G13: 0.16666667 | H13: 0.16666667 | I13: =A13&"|"&B13 -> Materia Orgánica|Almácigo
A14: Materia Orgánica | B14: Campo definitivo | C14: 0.16666667 | D14: 0.16666667 | E14: 0.16666667 | F14: 0.16666667 | G14: 0.16666667 | H14: 0.16666667 | I14: =A14&"|"&B14 -> Materia Orgánica|Campo definitivo
A15: Materia Orgánica | B15: Packing | C15: 0 | D15: 0 | E15: 0 | F15: 0 | G15: 0 | H15: 0 | I15: =A15&"|"&B15 -> Materia Orgánica|Packing
... A63: VARIOS | B63: Packing | C63: 0 | D63: 0 | E63: 0 | F63: 0 | G63: 0 | H63: 0 | I63: =A63&"|"&B63 -> VARIOS|Packing

Sheet PARAM_AVANCE_VERANO
A1: % avance mensual – PARAM_AVANCE_VERANO
A3: Rubro | B3: Proceso | C3: Ene | D3: Feb | E3: Mar | F3: Abr | G3: May | H3: Jun | I3: Clave
A4: Semilla | B4: Almácigo | C4: 1 | D4: 0 | E4: 0 | F4: 0 | G4: 0 | H4: 0 | I4: =A4&"|"&B4 -> Semilla|Almácigo
A5: Semilla | B5: Campo definitivo | C5: 0 | D5: 0 | E5: 0 | F5: 0 | G5: 0 | H5: 0 | I5: =A5&"|"&B5 -> Semilla|Campo definitivo
A6: Semilla | B6: Packing | C6: 0 | D6: 0 | E6: 0 | F6: 0 | G6: 0 | H6: 0 | I6: =A6&"|"&B6 -> Semilla|Packing
A7: Alquiler de campo | B7: Almácigo | C7: 0 | D7: 0 | E7: 0 | F7: 0 | G7: 0 | H7: 0 | I7: =A7&"|"&B7 -> Alquiler de campo|Almácigo
A8: Alquiler de campo | B8: Campo definitivo | C8: 0.16666667 | D8: 0.16666667 | E8: 0.16666667 | F8: 0.16666667 | G8: 0.16666667 | H8: 0.16666667 | I8: =A8&"|"&B8 -> Alquiler de campo|Campo definitivo
A9: Alquiler de campo | B9: Packing | C9: 0 | D9: 0 | E9: 0 | F9: 0 | G9: 0 | H9: 0 | I9: =A9&"|"&B9 -> Alquiler de campo|Packing
A10: Accesorios de riego | B10: Almácigo | C10: 0 | D10: 0 | E10: 0 | F10: 0 | G10: 0 | H10: 0 | I10: =A10&"|"&B10 -> Accesorios de riego|Almácigo
A11: Accesorios de riego | B11: Campo definitivo | C11: 0.16666667 | D11: 0.16666667 | E11: 0.16666667 | F11: 0.16666667 | G11: 0.16666667 | H11: 0.16666667 | I11: =A11&"|"&B11 -> Accesorios de riego|Campo definitivo
A12: Accesorios de riego | B12: Packing | C12: 0 | D12: 0 | E12: 0 | F12: 0 | G12: 0 | H12: 0 | I12: =A12&"|"&B12 -> Accesorios de riego|Packing
A13: Materia Orgánica | B13: Almácigo | C13: 0.16666667 | D13: 0.16666667 | E13: 0.16666667 | F13: 0.16666667 | G13: 0.16666667 | H13: 0.16666667 | I13: =A13&"|"&B13 -> Materia Orgánica|Almácigo
A14: Materia Orgánica | B14: Campo definitivo | C14: 0.16666667 | D14: 0.16666667 | E14: 0.16666667 | F14: 0.16666667 | G14: 0.16666667 | H14: 0.16666667 | I14: =A14&"|"&B14 -> Materia Orgánica|Campo definitivo
A15: Materia Orgánica | B15: Packing | C15: 0 | D15: 0 | E15: 0 | F15: 0 | G15: 0 | H15: 0 | I15: =A15&"|"&B15 -> Materia Orgánica|Packing
... A63: VARIOS | B63: Packing | C63: 0 | D63: 0 | E63: 0 | F63: 0 | G63: 0 | H63: 0 | I63: =A63&"|"&B63 -> VARIOS|Packing

Sheet SELECTOR
A1: Factor acumulado por Rubro|Proceso según TABLERO
A3: Rubro | B3: Proceso | C3: Clave | D3: Factor
A4: Semilla | B4: Almácigo | C4: =A4&"|"&B4 -> Semilla|Almácigo | D4: =IF(TABLERO!$B$1="Invierno",SUM(INDEX(PARAM_AVANCE_INVIERNO!$C$4:$H$63, MATCH(C4, PARAM_AVANCE_INVIERNO!$I$4:$I$63,0), 1):INDEX(PARAM_AVANCE_INVIERNO!$C$4:$H$63, MATCH(C4, PARAM_AVANCE_INVIERNO!$I$4:$I$63,0), TABLERO!$B$4)),SUM(INDEX(PARAM_AVANCE_VERANO!$C$4:$H$63, MATCH(C4, PARAM_AVANCE_VERANO!$I$4:$I$63,0), 1):INDEX(PARAM_AVANCE_VERANO!$C$4:$H$63, MATCH(C4, PARAM_AVANCE_VERANO!$I$4:$I$63,0), TABLERO!$B$4))) -> 1
A5: Semilla | B5: Campo definitivo | C5: =A5&"|"&B5 -> Semilla|Campo definitivo | D5: =IF(TABLERO!$B$1="Invierno",SUM(INDEX(PARAM_AVANCE_INVIERNO!$C$4:$H$63, MATCH(C5, PARAM_AVANCE_INVIERNO!$I$4:$I$63,0), 1):INDEX(PARAM_AVANCE_INVIERNO!$C$4:$H$63, MATCH(C5, PARAM_AVANCE_INVIERNO!$I$4:$I$63,0), TABLERO!$B$4)),SUM(INDEX(PARAM_AVANCE_VERANO!$C$4:$H$63, MATCH(C5, PARAM_AVANCE_VERANO!$I$4:$I$63,0), 1):INDEX(PARAM_AVANCE_VERANO!$C$4:$H$63, MATCH(C5, PARAM_AVANCE_VERANO!$I$4:$I$63,0), TABLERO!$B$4))) -> 0
A6: Semilla | B6: Packing | C6: =A6&"|"&B6 -> Semilla|Packing | D6: =IF(TABLERO!$B$1="Invierno",SUM(INDEX(PARAM_AVANCE_INVIERNO!$C$4:$H$63, MATCH(C6, PARAM_AVANCE_INVIERNO!$I$4:$I$63,0), 1):INDEX(PARAM_AVANCE_INVIERNO!$C$4:$H$63, MATCH(C6, PARAM_AVANCE_INVIERNO!$I$4:$I$63,0), TABLERO!$B$4)),SUM(INDEX(PARAM_AVANCE_VERANO!$C$4:$H$63, MATCH(C6, PARAM_AVANCE_VERANO!$I$4:$I$63,0), 1):INDEX(PARAM_AVANCE_VERANO!$C$4:$H$63, MATCH(C6, PARAM_AVANCE_VERANO!$I$4:$I$63,0), TABLERO!$B$4))) -> 0
A7: Alquiler de campo | B7: Almácigo | C7: =A7&"|"&B7 -> Alquiler de campo|Almácigo | D7: =IF(TABLERO!$B$1="Invierno",SUM(INDEX(PARAM_AVANCE_INVIERNO!$C$4:$H$63, MATCH(C7, PARAM_AVANCE_INVIERNO!$I$4:$I$63,0), 1):INDEX(PARAM_AVANCE_INVIERNO!$C$4:$H$63, MATCH(C7, PARAM_AVANCE_INVIERNO!$I$4:$I$63,0), TABLERO!$B$4)),SUM(INDEX(PARAM_AVANCE_VERANO!$C$4:$H$63, MATCH(C7, PARAM_AVANCE_VERANO!$I$4:$I$63,0), 1):INDEX(PARAM_AVANCE_VERANO!$C$4:$H$63, MATCH(C7, PARAM_AVANCE_VERANO!$I$4:$I$63,0), TABLERO!$B$4))) -> 0
A8: Alquiler de campo | B8: Campo definitivo | C8: =A8&"|"&B8 -> Alquiler de campo|Campo definitivo | D8: =IF(TABLERO!$B$1="Invierno",SUM(INDEX(PARAM_AVANCE_INVIERNO!$C$4:$H$63, MATCH(C8, PARAM_AVANCE_INVIERNO!$I$4:$I$63,0), 1):INDEX(PARAM_AVANCE_INVIERNO!$C$4:$H$63, MATCH(C8, PARAM_AVANCE_INVIERNO!$I$4:$I$63,0), TABLERO!$B$4)),SUM(INDEX(PARAM_AVANCE_VERANO!$C$4:$H$63, MATCH(C8, PARAM_AVANCE_VERANO!$I$4:$I$63,0), 1):INDEX(PARAM_AVANCE_VERANO!$C$4:$H$63, MATCH(C8, PARAM_AVANCE_VERANO!$I$4:$I$63,0), TABLERO!$B$4))) -> 1
A9: Alquiler de campo | B9: Packing | C9: =A9&"|"&B9 -> Alquiler de campo|Packing | D9: =IF(TABLERO!$B$1="Invierno",SUM(INDEX(PARAM_AVANCE_INVIERNO!$C$4:$H$63, MATCH(C9, PARAM_AVANCE_INVIERNO!$I$4:$I$63,0), 1):INDEX(PARAM_AVANCE_INVIERNO!$C$4:$H$63, MATCH(C9, PARAM_AVANCE_INVIERNO!$I$4:$I$63,0), TABLERO!$B$4)),SUM(INDEX(PARAM_AVANCE_VERANO!$C$4:$H$63, MATCH(C9, PARAM_AVANCE_VERANO!$I$4:$I$63,0), 1):INDEX(PARAM_AVANCE_VERANO!$C$4:$H$63, MATCH(C9, PARAM_AVANCE_VERANO!$I$4:$I$63,0), TABLERO!$B$4))) -> 0
A10: Accesorios de riego | B10: Almácigo | C10: =A10&"|"&B10 -> Accesorios de riego|Almácigo | D10: =IF(TABLERO!$B$1="Invierno",SUM(INDEX(PARAM_AVANCE_INVIERNO!$C$4:$H$63, MATCH(C10, PARAM_AVANCE_INVIERNO!$I$4:$I$63,0), 1):INDEX(PARAM_AVANCE_INVIERNO!$C$4:$H$63, MATCH(C10, PARAM_AVANCE_INVIERNO!$I$4:$I$63,0), TABLERO!$B$4)),SUM(INDEX(PARAM_AVANCE_VERANO!$C$4:$H$63, MATCH(C10, PARAM_AVANCE_VERANO!$I$4:$I$63,0), 1):INDEX(PARAM_AVANCE_VERANO!$C$4:$H$63, MATCH(C10, PARAM_AVANCE_VERANO!$I$4:$I$63,0), TABLERO!$B$4))) -> 0
A11: Accesorios de riego | B11: Campo definitivo | C11: =A11&"|"&B11 -> Accesorios de riego|Campo definitivo | D11: =IF(TABLERO!$B$1="Invierno",SUM(INDEX(PARAM_AVANCE_INVIERNO!$C$4:$H$63, MATCH(C11, PARAM_AVANCE_INVIERNO!$I$4:$I$63,0), 1):INDEX(PARAM_AVANCE_INVIERNO!$C$4:$H$63, MATCH(C11, PARAM_AVANCE_INVIERNO!$I$4:$I$63,0), TABLERO!$B$4)),SUM(INDEX(PARAM_AVANCE_VERANO!$C$4:$H$63, MATCH(C11, PARAM_AVANCE_VERANO!$I$4:$I$63,0), 1):INDEX(PARAM_AVANCE_VERANO!$C$4:$H$63, MATCH(C11, PARAM_AVANCE_VERANO!$I$4:$I$63,0), TABLERO!$B$4))) -> 1
A12: Accesorios de riego | B12: Packing | C12: =A12&"|"&B12 -> Accesorios de riego|Packing | D12: =IF(TABLERO!$B$1="Invierno",SUM(INDEX(PARAM_AVANCE_INVIERNO!$C$4:$H$63, MATCH(C12, PARAM_AVANCE_INVIERNO!$I$4:$I$63,0), 1):INDEX(PARAM_AVANCE_INVIERNO!$C$4:$H$63, MATCH(C12, PARAM_AVANCE_INVIERNO!$I$4:$I$63,0), TABLERO!$B$4)),SUM(INDEX(PARAM_AVANCE_VERANO!$C$4:$H$63, MATCH(C12, PARAM_AVANCE_VERANO!$I$4:$I$63,0), 1):INDEX(PARAM_AVANCE_VERANO!$C$4:$H$63, MATCH(C12, PARAM_AVANCE_VERANO!$I$4:$I$63,0), TABLERO!$B$4))) -> 0
A13: Materia Orgánica | B13: Almácigo | C13: =A13&"|"&B13 -> Materia Orgánica|Almácigo | D13: =IF(TABLERO!$B$1="Invierno",SUM(INDEX(PARAM_AVANCE_INVIERNO!$C$4:$H$63, MATCH(C13, PARAM_AVANCE_INVIERNO!$I$4:$I$63,0), 1):INDEX(PARAM_AVANCE_INVIERNO!$C$4:$H$63, MATCH(C13, PARAM_AVANCE_INVIERNO!$I$4:$I$63,0), TABLERO!$B$4)),SUM(INDEX(PARAM_AVANCE_VERANO!$C$4:$H$63, MATCH(C13, PARAM_AVANCE_VERANO!$I$4:$I$63,0), 1):INDEX(PARAM_AVANCE_VERANO!$C$4:$H$63, MATCH(C13, PARAM_AVANCE_VERANO!$I$4:$I$63,0), TABLERO!$B$4))) -> 1
A14: Materia Orgánica | B14: Campo definitivo | C14: =A14&"|"&B14 -> Materia Orgánica|Campo definitivo | D14: =IF(TABLERO!$B$1="Invierno",SUM(INDEX(PARAM_AVANCE_INVIERNO!$C$4:$H$63, MATCH(C14, PARAM_AVANCE_INVIERNO!$I$4:$I$63,0), 1):INDEX(PARAM_AVANCE_INVIERNO!$C$4:$H$63, MATCH(C14, PARAM_AVANCE_INVIERNO!$I$4:$I$63,0), TABLERO!$B$4)),SUM(INDEX(PARAM_AVANCE_VERANO!$C$4:$H$63, MATCH(C14, PARAM_AVANCE_VERANO!$I$4:$I$63,0), 1):INDEX(PARAM_AVANCE_VERANO!$C$4:$H$63, MATCH(C14, PARAM_AVANCE_VERANO!$I$4:$I$63,0), TABLERO!$B$4))) -> 1
A15: Materia Orgánica | B15: Packing | C15: =A15&"|"&B15 -> Materia Orgánica|Packing | D15: =IF(TABLERO!$B$1="Invierno",SUM(INDEX(PARAM_AVANCE_INVIERNO!$C$4:$H$63, MATCH(C15, PARAM_AVANCE_INVIERNO!$I$4:$I$63,0), 1):INDEX(PARAM_AVANCE_INVIERNO!$C$4:$H$63, MATCH(C15, PARAM_AVANCE_INVIERNO!$I$4:$I$63,0), TABLERO!$B$4)),SUM(INDEX(PARAM_AVANCE_VERANO!$C$4:$H$63, MATCH(C15, PARAM_AVANCE_VERANO!$I$4:$I$63,0), 1):INDEX(PARAM_AVANCE_VERANO!$C$4:$H$63, MATCH(C15, PARAM_AVANCE_VERANO!$I$4:$I$63,0), TABLERO!$B$4))) -> 0
... A63: VARIOS | B63: Packing | C63: =A63&"|"&B63 -> VARIOS|Packing | D63: =IF(TABLERO!$B$1="Invierno",SUM(INDEX(PARAM_AVANCE_INVIERNO!$C$4:$H$63, MATCH(C63, PARAM_AVANCE_INVIERNO!$I$4:$I$63,0), 1):INDEX(PARAM_AVANCE_INVIERNO!$C$4:$H$63, MATCH(C63, PARAM_AVANCE_INVIERNO!$I$4:$I$63,0), TABLERO!$B$4)),SUM(INDEX(PARAM_AVANCE_VERANO!$C$4:$H$63, MATCH(C63, PARAM_AVANCE_VERANO!$I$4:$I$63,0), 1):INDEX(PARAM_AVANCE_VERANO!$C$4:$H$63, MATCH(C63, PARAM_AVANCE_VERANO!$I$4:$I$63,0), TABLERO!$B$4))) -> 0

Sheet COMPARATIVO
A1: Comparativo Presupuesto vs Real – dinámico (sin nombres)
A3: Rubro | B3: Presu Almácigo (USD) | C3: Real Almácigo (USD) | D3: Presu Acum Almácigo (USD) | E3: Presu Campo (USD) | F3: Real Campo (USD) | G3: Presu Acum Campo (USD) | H3: Presu Packing (USD) | I3: Real Packing (USD) | J3: Presu Acum Packing (USD) | K3: Total Presu (USD) | L3: Total Real (USD) | M3: Total Presu Acum (USD) | N3: Dif vs Presu Acum (USD) | O3: Dif vs Presu Acum (%)
A4: Semilla | B4: =PRESUPUESTO_BASE!B4/2 -> 273006.5 | D4: {=B4*_xlfn.XLOOKUP(A4&"|"&"Almácigo", SELECTOR!$C$4:$C$63, SELECTOR!$D$4:$D$63)} -> 273006.5 | E4: =PRESUPUESTO_BASE!C4/2 -> 0 | G4: {=E4*_xlfn.XLOOKUP(A4&"|"&"Campo definitivo", SELECTOR!$C$4:$C$63, SELECTOR!$D$4:$D$63)} -> 0 | H4: =PRESUPUESTO_BASE!D4/2 -> 0 | J4: {=H4*_xlfn.XLOOKUP(A4&"|"&"Packing", SELECTOR!$C$4:$C$63, SELECTOR!$D$4:$D$63)} -> 0 | K4: =B4+E4+H4 -> 273006.5 | L4: =C4+F4+I4 -> 0 | M4: =D4+G4+J4 -> 273006.5 | N4: =L4-M4 -> -273006.5 | O4: =IF(M4=0,0,(L4/M4)-1) -> -1
A5: Alquiler de campo | B5: =PRESUPUESTO_BASE!B5/2 -> 0 | D5: {=B5*_xlfn.XLOOKUP(A5&"|"&"Almácigo", SELECTOR!$C$4:$C$63, SELECTOR!$D$4:$D$63)} -> 0 | E5: =PRESUPUESTO_BASE!C5/2 -> 376142 | G5: {=E5*_xlfn.XLOOKUP(A5&"|"&"Campo definitivo", SELECTOR!$C$4:$C$63, SELECTOR!$D$4:$D$63)} -> 376142 | H5: =PRESUPUESTO_BASE!D5/2 -> 0 | J5: {=H5*_xlfn.XLOOKUP(A5&"|"&"Packing", SELECTOR!$C$4:$C$63, SELECTOR!$D$4:$D$63)} -> 0 | K5: =B5+E5+H5 -> 376142 | L5: =C5+F5+I5 -> 0 | M5: =D5+G5+J5 -> 376142 | N5: =L5-M5 -> -376142 | O5: =IF(M5=0,0,(L5/M5)-1) -> -1
A6: Accesorios de riego | B6: =PRESUPUESTO_BASE!B6/2 -> 0 | D6: {=B6*_xlfn.XLOOKUP(A6&"|"&"Almácigo", SELECTOR!$C$4:$C$63, SELECTOR!$D$4:$D$63)} -> 0 | E6: =PRESUPUESTO_BASE!C6/2 -> 109408.5 | G6: {=E6*_xlfn.XLOOKUP(A6&"|"&"Campo definitivo", SELECTOR!$C$4:$C$63, SELECTOR!$D$4:$D$63)} -> 109408.5 | H6: =PRESUPUESTO_BASE!D6/2 -> 0 | J6: {=H6*_xlfn.XLOOKUP(A6&"|"&"Packing", SELECTOR!$C$4:$C$63, SELECTOR!$D$4:$D$63)} -> 0 | K6: =B6+E6+H6 -> 109408.5 | L6: =C6+F6+I6 -> 0 | M6: =D6+G6+J6 -> 109408.5 | N6: =L6-M6 -> -109408.5 | O6: =IF(M6=0,0,(L6/M6)-1) -> -1
A7: Materia Orgánica | B7: =PRESUPUESTO_BASE!B7/2 -> 21337.5 | D7: {=B7*_xlfn.XLOOKUP(A7&"|"&"Almácigo", SELECTOR!$C$4:$C$63, SELECTOR!$D$4:$D$63)} -> 21337.5 | E7: =PRESUPUESTO_BASE!C7/2 -> 288380.5 | G7: {=E7*_xlfn.XLOOKUP(A7&"|"&"Campo definitivo", SELECTOR!$C$4:$C$63, SELECTOR!$D$4:$D$63)} -> 288380.5 | H7: =PRESUPUESTO_BASE!D7/2 -> 0 | J7: {=H7*_xlfn.XLOOKUP(A7&"|"&"Packing", SELECTOR!$C$4:$C$63, SELECTOR!$D$4:$D$63)} -> 0 | K7: =B7+E7+H7 -> 309718 | L7: =C7+F7+I7 -> 0 | M7: =D7+G7+J7 -> 309718 | N7: =L7-M7 -> -309718 | O7: =IF(M7=0,0,(L7/M7)-1) -> -1
A8: Agua | B8: =PRESUPUESTO_BASE!B8/2 -> 18134 | D8: {=B8*_xlfn.XLOOKUP(A8&"|"&"Almácigo", SELECTOR!$C$4:$C$63, SELECTOR!$D$4:$D$63)} -> 18134 | E8: =PRESUPUESTO_BASE!C8/2 -> 227529 | G8: {=E8*_xlfn.XLOOKUP(A8&"|"&"Campo definitivo", SELECTOR!$C$4:$C$63, SELECTOR!$D$4:$D$63)} -> 227529 | H8: =PRESUPUESTO_BASE!D8/2 -> 0 | J8: {=H8*_xlfn.XLOOKUP(A8&"|"&"Packing", SELECTOR!$C$4:$C$63, SELECTOR!$D$4:$D$63)} -> 0 | K8: =B8+E8+H8 -> 245663 | L8: =C8+F8+I8 -> 0 | M8: =D8+G8+J8 -> 245663 | N8: =L8-M8 -> -245663 | O8: =IF(M8=0,0,(L8/M8)-1) -> -1
A9: Alquiler de Maquinaria | B9: =PRESUPUESTO_BASE!B9/2 -> 6994.5 | D9: {=B9*_xlfn.XLOOKUP(A9&"|"&"Almácigo", SELECTOR!$C$4:$C$63, SELECTOR!$D$4:$D$63)} -> 6994.5 | E9: =PRESUPUESTO_BASE!C9/2 -> 157129 | G9: {=E9*_xlfn.XLOOKUP(A9&"|"&"Campo definitivo", SELECTOR!$C$4:$C$63, SELECTOR!$D$4:$D$63)} -> 157129 | H9: =PRESUPUESTO_BASE!D9/2 -> 0 | J9: {=H9*_xlfn.XLOOKUP(A9&"|"&"Packing", SELECTOR!$C$4:$C$63, SELECTOR!$D$4:$D$63)} -> 0 | K9: =B9+E9+H9 -> 164123.5 | L9: =C9+F9+I9 -> 0 | M9: =D9+G9+J9 -> 164123.5 | N9: =L9-M9 -> -164123.5 | O9: =IF(M9=0,0,(L9/M9)-1) -> -1
A10: Fertilizantes / Abono Organico | B10: =PRESUPUESTO_BASE!B10/2 -> 25902 | D10: {=B10*_xlfn.XLOOKUP(A10&"|"&"Almácigo", SELECTOR!$C$4:$C$63, SELECTOR!$D$4:$D$63)} -> 25902 | E10: =PRESUPUESTO_BASE!C10/2 -> 402010.5 | G10: {=E10*_xlfn.XLOOKUP(A10&"|"&"Campo definitivo", SELECTOR!$C$4:$C$63, SELECTOR!$D$4:$D$63)} -> 402010.5 | H10: =PRESUPUESTO_BASE!D10/2 -> 0 | J10: {=H10*_xlfn.XLOOKUP(A10&"|"&"Packing", SELECTOR!$C$4:$C$63, SELECTOR!$D$4:$D$63)} -> 0 | K10: =B10+E10+H10 -> 427912.5 | L10: =C10+F10+I10 -> 0 | M10: =D10+G10+J10 -> 427912.5 | N10: =L10-M10 -> -427912.5 | O10: =IF(M10=0,0,(L10/M10)-1) -> -1
A11: Agroquimicos / Foliares | B11: =PRESUPUESTO_BASE!B11/2 -> 14718.5 | D11: {=B11*_xlfn.XLOOKUP(A11&"|"&"Almácigo", SELECTOR!$C$4:$C$63, SELECTOR!$D$4:$D$63)} -> 14718.5 | E11: =PRESUPUESTO_BASE!C11/2 -> 426700 | G11: {=E11*_xlfn.XLOOKUP(A11&"|"&"Campo definitivo", SELECTOR!$C$4:$C$63, SELECTOR!$D$4:$D$63)} -> 426700 | H11: =PRESUPUESTO_BASE!D11/2 -> 0 | J11: {=H11*_xlfn.XLOOKUP(A11&"|"&"Packing", SELECTOR!$C$4:$C$63, SELECTOR!$D$4:$D$63)} -> 0 | K11: =B11+E11+H11 -> 441418.5 | L11: =C11+F11+I11 -> 0 | M11: =D11+G11+J11 -> 441418.5 | N11: =L11-M11 -> -441418.5 | O11: =IF(M11=0,0,(L11/M11)-1) -> -1
A12: Personal Eventual s/ contrato | B12: =PRESUPUESTO_BASE!B12/2 -> 30915.5 | D12: {=B12*_xlfn.XLOOKUP(A12&"|"&"Almácigo", SELECTOR!$C$4:$C$63, SELECTOR!$D$4:$D$63)} -> 30915.5 | E12: =PRESUPUESTO_BASE!C12/2 -> 456560 | G12: {=E12*_xlfn.XLOOKUP(A12&"|"&"Campo definitivo", SELECTOR!$C$4:$C$63, SELECTOR!$D$4:$D$63)} -> 456560 | H12: =PRESUPUESTO_BASE!D12/2 -> 160670.5 | J12: {=H12*_xlfn.XLOOKUP(A12&"|"&"Packing", SELECTOR!$C$4:$C$63, SELECTOR!$D$4:$D$63)} -> 160670.5 | K12: =B12+E12+H12 -> 648146 | L12: =C12+F12+I12 -> 0 | M12: =D12+G12+J12 -> 648146 | N12: =L12-M12 -> -648146 | O12: =IF(M12=0,0,(L12/M12)-1) -> -1
A13: Transport costs | B13: =PRESUPUESTO_BASE!B13/2 -> 0 | D13: {=B13*_xlfn.XLOOKUP(A13&"|"&"Almácigo", SELECTOR!$C$4:$C$63, SELECTOR!$D$4:$D$63)} -> 0 | E13: =PRESUPUESTO_BASE!C13/2 -> 151953 | G13: {=E13*_xlfn.XLOOKUP(A13&"|"&"Campo definitivo", SELECTOR!$C$4:$C$63, SELECTOR!$D$4:$D$63)} -> 151953 | H13: =PRESUPUESTO_BASE!D13/2 -> 5683 | J13: {=H13*_xlfn.XLOOKUP(A13&"|"&"Packing", SELECTOR!$C$4:$C$63, SELECTOR!$D$4:$D$63)} -> 5683 | K13: =B13+E13+H13 -> 157636 | L13: =C13+F13+I13 -> 0 | M13: =D13+G13+J13 -> 157636 | N13: =L13-M13 -> -157636 | O13: =IF(M13=0,0,(L13/M13)-1) -> -1
A14: Arpillas Campo | B14: =PRESUPUESTO_BASE!B14/2 -> 0 | D14: {=B14*_xlfn.XLOOKUP(A14&"|"&"Almácigo", SELECTOR!$C$4:$C$63, SELECTOR!$D$4:$D$63)} -> 0 | E14: =PRESUPUESTO_BASE!C14/2 -> 29906.5 | G14: {=E14*_xlfn.XLOOKUP(A14&"|"&"Campo definitivo", SELECTOR!$C$4:$C$63, SELECTOR!$D$4:$D$63)} -> 29906.5 | H14: =PRESUPUESTO_BASE!D14/2 -> 53657 | J14: {=H14*_xlfn.XLOOKUP(A14&"|"&"Packing", SELECTOR!$C$4:$C$63, SELECTOR!$D$4:$D$63)} -> 53657 | K14: =B14+E14+H14 -> 83563.5 | L14: =C14+F14+I14 -> 0 | M14: =D14+G14+J14 -> 83563.5 | N14: =L14-M14 -> -83563.5 | O14: =IF(M14=0,0,(L14/M14)-1) -> -1
A15: Servicio de terceros | B15: =PRESUPUESTO_BASE!B15/2 -> 0 | D15: {=B15*_xlfn.XLOOKUP(A15&"|"&"Almácigo", SELECTOR!$C$4:$C$63, SELECTOR!$D$4:$D$63)} -> 0 | E15: =PRESUPUESTO_BASE!C15/2 -> 14400 | G15: {=E15*_xlfn.XLOOKUP(A15&"|"&"Campo definitivo", SELECTOR!$C$4:$C$63, SELECTOR!$D$4:$D$63)} -> 14400 | H15: =PRESUPUESTO_BASE!D15/2 -> 0 | J15: {=H15*_xlfn.XLOOKUP(A15&"|"&"Packing", SELECTOR!$C$4:$C$63, SELECTOR!$D$4:$D$63)} -> 0 | K15: =B15+E15+H15 -> 14400 | L15: =C15+F15+I15 -> 0 | M15: =D15+G15+J15 -> 14400 | N15: =L15-M15 -> -14400 | O15: =IF(M15=0,0,(L15/M15)-1) -> -1
... A23: VARIOS | B23: =PRESUPUESTO_BASE!B23/2 -> 0 | D23: {=B23*_xlfn.XLOOKUP(A23&"|"&"Almácigo", SELECTOR!$C$4:$C$63, SELECTOR!$D$4:$D$63)} -> 0 | E23: =PRESUPUESTO_BASE!C23/2 -> 0 | G23: {=E23*_xlfn.XLOOKUP(A23&"|"&"Campo definitivo", SELECTOR!$C$4:$C$63, SELECTOR!$D$4:$D$63)} -> 0 | H23: =PRESUPUESTO_BASE!D23/2 -> 0 | J23: {=H23*_xlfn.XLOOKUP(A23&"|"&"Packing", SELECTOR!$C$4:$C$63, SELECTOR!$D$4:$D$63)} -> 0 | K23: =B23+E23+H23 -> 0 | L23: =C23+F23+I23 -> 0 | M23: =D23+G23+J23 -> 0 | N23: =L23-M23 -> 0 | O23: =IF(M23=0,0,(L23/M23)-1) -> 0
A24: TOTAL | B24: =SUM(B4:B23) -> 391008.5 | C24: =SUM(C4:C23) -> 0 | D24: =SUM(D4:D23) -> 391008.5 | E24: =SUM(E4:E23) -> 2640119 | F24: =SUM(F4:F23) -> 0 | G24: =SUM(G4:G23) -> 2640119 | H24: =SUM(H4:H23) -> 248862 | I24: =SUM(I4:I23) -> 0 | ... M24: =SUM(M4:M23) -> 3279989.5
